# Total mass density,N2,O2,O,He,H,Ar,N,Anomalous O,NO,Temperature,
1.749231517314910889e-01,2.841562974308825288e+24,7.619861426361838621e+23,nan,1.892321084053651456e+19,nan,3.395988838614623584e+22,nan,nan,nan,2.075870056152343750e+02
1.749138236045837402e-01,2.841411365130969488e+24,7.619454300955524328e+23,nan,1.892219928983896064e+19,nan,3.395807343549640553e+22,nan,nan,nan,2.075193786621093750e+02
1.749037951231002808e-01,2.841248803198819923e+24,7.619018352511594864e+23,nan,1.892111737039722906e+19,nan,3.395613013225719516e+22,nan,nan,nan,2.074552001953125000e+02
1.748931407928466797e-01,2.841075288512376592e+24,7.618553581030050229e+23,nan,1.891996288318806426e+19,nan,3.395405847642860474e+22,nan,nan,nan,2.073944549560546875e+02
1.748824417591094971e-01,2.840901773825933262e+24,7.618088088972565215e+23,nan,1.891880839597889946e+19,nan,3.395198682060001431e+22,nan,nan,nan,2.073371276855468750e+02
1.748697757720947266e-01,2.840695977337360939e+24,7.617536127802234687e+23,nan,1.891743620546743501e+19,nan,3.394952560340365633e+22,nan,nan,nan,2.072832641601562500e+02
1.748564392328262329e-01,2.840479228094494852e+24,7.616955343594288988e+23,nan,1.891599364621179290e+19,nan,3.394693603361791830e+22,nan,nan,nan,2.072328948974609375e+02
1.748437732458114624e-01,2.840273431605922530e+24,7.616402661848018080e+23,nan,1.891462365472358400e+19,nan,3.394447481642156032e+22,nan,nan,nan,2.071859741210937500e+02
1.748297512531280518e-01,2.840045729608762678e+24,7.615793054602457210e+23,nan,1.891310852770050867e+19,nan,3.394175689404644223e+22,nan,nan,nan,2.071425018310546875e+02
1.748144179582595825e-01,2.839796698563767599e+24,7.615125080705725618e+23,nan,1.891144826514256691e+19,nan,3.393877776289293664e+22,nan,nan,nan,2.071025543212890625e+02
1.747990846633911133e-01,2.839547667518772520e+24,7.614456386233053647e+23,nan,1.890978800258462515e+19,nan,3.393580088353924474e+22,nan,nan,nan,2.070660705566406250e+02
1.747824102640151978e-01,2.839276730965189911e+24,7.613730766261091712e+23,nan,1.890798480351507251e+19,nan,3.393256504720697904e+22,nan,nan,nan,2.070330963134765625e+02
1.747657507658004761e-01,2.839006082641983454e+24,7.613004425713189399e+23,nan,1.890618160444551987e+19,nan,3.392932921087471334e+22,nan,nan,nan,2.070036010742187500e+02
1.747477352619171143e-01,2.838713528810189466e+24,7.612220439090056743e+23,nan,1.890423546886435635e+19,nan,3.392583441756387384e+22,nan,nan,nan,2.069776306152343750e+02
1.747297495603561401e-01,2.838421263208771630e+24,7.611436452466924087e+23,nan,1.890228933328319283e+19,nan,3.392233962425303433e+22,nan,nan,nan,2.069551391601562500e+02
1.747104376554489136e-01,2.838107380329142416e+24,7.610594099192620709e+23,nan,1.890019806216716288e+19,nan,3.391858812576343471e+22,nan,nan,nan,2.069362182617187500e+02
1.746910810470581055e-01,2.837793209219137051e+24,7.609752466494257711e+23,nan,1.889810679105113293e+19,nan,3.391483437547402140e+22,nan,nan,nan,2.069207000732421875e+02
1.746704280376434326e-01,2.837457709061296458e+24,7.608852467144723991e+23,nan,1.889587258342349210e+19,nan,3.391082617180566166e+22,nan,nan,nan,2.069087524414062500e+02
1.746484488248825073e-01,2.837100591625244487e+24,7.607894821719959929e+23,nan,1.889349324026098483e+19,nan,3.390655675935891443e+22,nan,nan,nan,2.069002838134765625e+02
1.746277958154678345e-01,2.836765091467403895e+24,7.606995542946366588e+23,nan,1.889125903263334400e+19,nan,3.390254630389074100e+22,nan,nan,nan,2.068953094482421875e+02
1.746058166027069092e-01,2.836407974031351924e+24,7.606037897521602526e+23,nan,1.888888188849409229e+19,nan,3.389827914324380746e+22,nan,nan,nan,2.068938293457031250e+02
1.745831817388534546e-01,2.836040192071382340e+24,7.605051429059223292e+23,nan,1.888643217658740736e+19,nan,3.389388363000749385e+22,nan,nan,nan,2.068958587646484375e+02
1.745592057704925537e-01,2.835650792833201377e+24,7.604006593945673337e+23,nan,1.888383732914585600e+19,nan,3.388922915979260645e+22,nan,nan,nan,2.069013977050781250e+02
1.745365560054779053e-01,2.835283010873231793e+24,7.603020846059234483e+23,nan,1.888138981626242662e+19,nan,3.388483364655629284e+22,nan,nan,nan,2.069103851318359375e+02
1.745119094848632812e-01,2.834882658880757065e+24,7.601947908484009736e+23,nan,1.887872460007669760e+19,nan,3.388005082375202537e+22,nan,nan,nan,2.069228515625000000e+02
1.744872927665710449e-01,2.834482595118658489e+24,7.600874970908784989e+23,nan,1.887605938389096858e+19,nan,3.387527025274757159e+22,nan,nan,nan,2.069387817382812500e+02
1.744620054960250854e-01,2.834071866832642300e+24,7.599773210295945071e+23,nan,1.887332379896106189e+19,nan,3.387035907735392407e+22,nan,nan,nan,2.069581909179687500e+02
1.744367182254791260e-01,2.833661138546626111e+24,7.598671449683105153e+23,nan,1.887058821403115520e+19,nan,3.386545015376009023e+22,nan,nan,nan,2.069810485839843750e+02
1.744114309549331665e-01,2.833250410260609922e+24,7.597570409646205614e+23,nan,1.886785262910124851e+19,nan,3.386054123016625639e+22,nan,nan,nan,2.070073089599609375e+02
1.743854731321334839e-01,2.832828729220299967e+24,7.596439825995750525e+23,nan,1.886504667542716416e+19,nan,3.385550395398304249e+22,nan,nan,nan,2.070370178222656250e+02
1.743595302104949951e-01,2.832407336410366165e+24,7.595309962921235815e+23,nan,1.886224072175307981e+19,nan,3.385046892959964227e+22,nan,nan,nan,2.070701599121093750e+02
1.743329465389251709e-01,2.831975279076514749e+24,7.594151276809105934e+23,nan,1.885936220031156224e+19,nan,3.384530330082704831e+22,nan,nan,nan,2.071066741943359375e+02
1.743070036172866821e-01,2.831553886266580946e+24,7.593021413734591224e+23,nan,1.885655624663747789e+19,nan,3.384026827644364810e+22,nan,nan,nan,2.071466064453125000e+02
1.742797642946243286e-01,2.831111164408811917e+24,7.591833904584846171e+23,nan,1.885360735645178266e+19,nan,3.383497654688148777e+22,nan,nan,nan,2.071898956298828125e+02
1.742531657218933105e-01,2.830679107074960501e+24,7.590675218472716290e+23,nan,1.885073103403352064e+19,nan,3.382981316990870749e+22,nan,nan,nan,2.072365570068359375e+02
1.742265820503234863e-01,2.830247337971485237e+24,7.589517252936526788e+23,nan,1.884785471161525862e+19,nan,3.382465204473574090e+22,nan,nan,nan,2.072865600585937500e+02
1.741999983787536621e-01,2.829815568868009973e+24,7.588359287400337286e+23,nan,1.884497838919699661e+19,nan,3.381949091956277432e+22,nan,nan,nan,2.073399353027343750e+02
1.741734147071838379e-01,2.829383799764534709e+24,7.587201321864147784e+23,nan,1.884210426580199014e+19,nan,3.381433204618962141e+22,nan,nan,nan,2.073965301513671875e+02
1.741468310356140137e-01,2.828952030661059444e+24,7.586044076903898662e+23,nan,1.883922794338372813e+19,nan,3.380917092101665482e+22,nan,nan,nan,2.074565124511718750e+02
1.741209328174591064e-01,2.828531214311877945e+24,7.584915654981264710e+23,nan,1.883642638775615488e+19,nan,3.380414265203269566e+22,nan,nan,nan,2.075196685791015625e+02
1.740950196981430054e-01,2.828110397962696446e+24,7.583787233058630759e+23,nan,1.883362483212858163e+19,nan,3.379911438304873651e+22,nan,nan,nan,2.075861206054687500e+02
1.740691065788269043e-01,2.827689581613514947e+24,7.582658811135996807e+23,nan,1.883082107747775283e+19,nan,3.379408611406477735e+22,nan,nan,nan,2.076558380126953125e+02
1.740432381629943848e-01,2.827269053494709600e+24,7.581531109789303235e+23,nan,1.882802172087343514e+19,nan,3.378905784508081819e+22,nan,nan,nan,2.077287292480468750e+02
1.740186661481857300e-01,2.826869854423739479e+24,7.580461054517840005e+23,nan,1.882536310175747277e+19,nan,3.378428853307543283e+22,nan,nan,nan,2.078048095703125000e+02
1.739941090345382690e-01,2.826470943583145510e+24,7.579390999246376775e+23,nan,1.882270668166476595e+19,nan,3.377952147286986116e+22,nan,nan,nan,2.078840942382812500e+02
1.739702224731445312e-01,2.826082985496845306e+24,7.578350487588469096e+23,nan,1.882012282933949235e+19,nan,3.377488276525366955e+22,nan,nan,nan,2.079664611816406250e+02
1.739463210105895996e-01,2.825694739180168950e+24,7.577309255354621037e+23,nan,1.881753677799096320e+19,nan,3.377024405763747794e+22,nan,nan,nan,2.080520019531250000e+02
1.739237606525421143e-01,2.825328398372080124e+24,7.576327110347884079e+23,nan,1.881509806120055603e+19,nan,3.376586430699986013e+22,nan,nan,nan,2.081405944824218750e+02
1.739012002944946289e-01,2.824961769333615147e+24,7.575344244765206742e+23,nan,1.881265714538689331e+19,nan,3.376148680816205601e+22,nan,nan,nan,2.082322998046875000e+02
1.738799810409545898e-01,2.824617045803737700e+24,7.574419745833700127e+23,nan,1.881036136510809702e+19,nan,3.375736376270319832e+22,nan,nan,nan,2.083269805908203125e+02
1.738594174385070801e-01,2.824282986797777866e+24,7.573524069939808683e+23,nan,1.880813595357347840e+19,nan,3.375337357343334806e+22,nan,nan,nan,2.084247436523437500e+02
1.738395243883132935e-01,2.823959880546111797e+24,7.572657217083532410e+23,nan,1.880598310980629299e+19,nan,3.374950948495306418e+22,nan,nan,nan,2.085254669189453125e+02
1.738202869892120361e-01,2.823647438818363342e+24,7.571819187264871308e+23,nan,1.880390283380654080e+19,nan,3.374577825266178772e+22,nan,nan,nan,2.086291046142578125e+02
1.738030612468719482e-01,2.823367567123120029e+24,7.571068347134996099e+23,nan,1.880203806208583270e+19,nan,3.374242982633883776e+22,nan,nan,nan,2.087357330322265625e+02
1.737858355045318604e-01,2.823087407197500566e+24,7.570317507005120889e+23,nan,1.880017329036512461e+19,nan,3.373908365181570148e+22,nan,nan,nan,2.088452301025390625e+02
1.737698912620544434e-01,2.822828864550092480e+24,7.569624312950476023e+23,nan,1.879845365417928294e+19,nan,3.373599418247132532e+22,nan,nan,nan,2.089575500488281250e+02
1.737553328275680542e-01,2.822592227411271925e+24,7.568989485547001878e+23,nan,1.879687475548179661e+19,nan,3.373316367010552296e+22,nan,nan,nan,2.090727691650390625e+02
1.737420707941055298e-01,2.822376631089910444e+24,7.568411583642817696e+23,nan,1.879544099231917670e+19,nan,3.373058986291848072e+22,nan,nan,nan,2.091907653808593750e+02
1.737301349639892578e-01,2.822182940277136494e+24,7.567892048389804235e+23,nan,1.879415016566816768e+19,nan,3.372827501271001229e+22,nan,nan,nan,2.093115539550781250e+02
1.737188696861267090e-01,2.821999913988280157e+24,7.567401336174405946e+23,nan,1.879293190678459187e+19,nan,3.372608626329111023e+22,nan,nan,nan,2.094350738525390625e+02
1.737096011638641357e-01,2.821849169501552812e+24,7.566997093071853170e+23,nan,1.879192915218006016e+19,nan,3.372428707523997571e+22,nan,nan,nan,2.095612487792968750e+02
1.737009882926940918e-01,2.821709377769119232e+24,7.566622393582855945e+23,nan,1.879099676631970611e+19,nan,3.372261398797840758e+22,nan,nan,nan,2.096901397705078125e+02
1.736943572759628296e-01,2.821601579608438492e+24,7.566333442630763854e+23,nan,1.879027988473839616e+19,nan,3.372132821028479330e+22,nan,nan,nan,2.098216705322265625e+02
1.736890673637390137e-01,2.821515686956345281e+24,7.566102858329842485e+23,nan,1.878970593966869709e+19,nan,3.372029913776993914e+22,nan,nan,nan,2.099557647705078125e+02
1.736864000558853149e-01,2.821472452399922525e+24,7.565986845603441421e+23,nan,1.878942006664547533e+19,nan,3.371978347561260522e+22,nan,nan,nan,2.100924835205078125e+02
1.736837476491928101e-01,2.821429506073875920e+24,7.565871553452980736e+23,nan,1.878913199459899802e+19,nan,3.371927006525508498e+22,nan,nan,nan,2.102317047119140625e+02
1.736837476491928101e-01,2.821429506073875920e+24,7.565871553452980736e+23,nan,1.878913199459899802e+19,nan,3.371927006525508498e+22,nan,nan,nan,2.103733520507812500e+02
1.736850887537002563e-01,2.821451123352087298e+24,7.565929199528211078e+23,nan,1.878927713013386445e+19,nan,3.371952677043384510e+22,nan,nan,nan,2.105175170898437500e+02
1.736883819103240967e-01,2.821504734202051516e+24,7.566074035292227313e+23,nan,1.878963557092451942e+19,nan,3.372017078518055908e+22,nan,nan,nan,2.106640930175781250e+02
1.736930310726165771e-01,2.821580250560603265e+24,7.566275796555533512e+23,nan,1.879013694822678528e+19,nan,3.372106925330621950e+22,nan,nan,nan,2.108129882812500000e+02
1.737003326416015625e-01,2.821698425014825467e+24,7.566593570545240774e+23,nan,1.879092419855227290e+19,nan,3.372248563538902752e+22,nan,nan,nan,2.109642181396484375e+02
1.737096011638641357e-01,2.821849169501552812e+24,7.566997093071853170e+23,nan,1.879192915218006016e+19,nan,3.372428707523997571e+22,nan,nan,nan,2.111177520751953125e+02
1.737195253372192383e-01,2.822010578512197771e+24,7.567430159212021117e+23,nan,1.879300447455202509e+19,nan,3.372621686768030397e+22,nan,nan,nan,2.112735443115234375e+02
1.737327873706817627e-01,2.822225886603183099e+24,7.568008061116205299e+23,nan,1.879443823771464499e+19,nan,3.372878842306753253e+22,nan,nan,nan,2.114315338134765625e+02
1.737473607063293457e-01,2.822462811972379806e+24,7.568642888519679444e+23,nan,1.879601493738887578e+19,nan,3.373161893543333488e+22,nan,nan,nan,2.115917358398437500e+02
1.737646013498306274e-01,2.822742971897999270e+24,7.569393728649554653e+23,nan,1.879787970910958387e+19,nan,3.373496510995647116e+22,nan,nan,nan,2.117540283203125000e+02
1.737831532955169678e-01,2.823044460871453961e+24,7.570202214854660205e+23,nan,1.879988741734190285e+19,nan,3.373856798965836756e+22,nan,nan,nan,2.119183654785156250e+02
1.738050431013107300e-01,2.823399848925249021e+24,7.571155536823781991e+23,nan,1.880225356636487680e+19,nan,3.374281713590679162e+22,nan,nan,nan,2.120847473144531250e+02
1.738282442092895508e-01,2.823776854257255460e+24,7.572165784292193741e+23,nan,1.880476485092271718e+19,nan,3.374732298733397580e+22,nan,nan,nan,2.122531127929687500e+02
1.738534569740295410e-01,2.824186141391390891e+24,7.573263942025331763e+23,nan,1.880748944073634611e+19,nan,3.375221389652930016e+22,nan,nan,nan,2.124234924316406250e+02
1.738813072443008423e-01,2.824638663081949078e+24,7.574477391908930469e+23,nan,1.881050430161970790e+19,nan,3.375762271968177213e+22,nan,nan,nan,2.125957336425781250e+02
1.739111542701721191e-01,2.825123466574636257e+24,7.575777310905374689e+23,nan,1.881373246775885824e+19,nan,3.376341885240219795e+22,nan,nan,nan,2.127698669433593750e+02
1.739436686038970947e-01,2.825651792854122345e+24,7.577193963204160352e+23,nan,1.881725090496774144e+19,nan,3.376972839548014402e+22,nan,nan,nan,2.129457397460937500e+02
1.739781796932220459e-01,2.826212112705361273e+24,7.578697084615791529e+23,nan,1.882098264743241318e+19,nan,3.377642975172567132e+22,nan,nan,nan,2.131233978271484375e+02
1.740153431892395020e-01,2.826815955343399109e+24,7.580316218753823770e+23,nan,1.882500466096681779e+19,nan,3.378364451832871885e+22,nan,nan,nan,2.133028106689453125e+02
1.740545183420181274e-01,2.827452368013942088e+24,7.582022542580641903e+23,nan,1.882924217878026650e+19,nan,3.379124884629953393e+22,nan,nan,nan,2.134838714599609375e+02
1.740970164537429810e-01,2.828142679764825438e+24,7.583873702171476272e+23,nan,1.883384033640762573e+19,nan,3.379949944081687668e+22,nan,nan,nan,2.136665649414062500e+02
1.741408407688140869e-01,2.828854897024296318e+24,7.585783228413481362e+23,nan,1.883858143054659584e+19,nan,3.380801124411260692e+22,nan,nan,nan,2.138507690429687500e+02
1.741873621940612793e-01,2.829610348840189954e+24,7.587809487957827896e+23,nan,1.884361279575529882e+19,nan,3.381704096136548477e+22,nan,nan,nan,2.140366058349609375e+02
1.742358654737472534e-01,2.830398370688588734e+24,7.589922937190960322e+23,nan,1.884886186426630144e+19,nan,3.382645798818631647e+22,nan,nan,nan,2.142238311767578125e+02
1.742877215147018433e-01,2.831240579847704036e+24,7.592181222188108984e+23,nan,1.885446937356795904e+19,nan,3.383652578515330322e+22,nan,nan,nan,2.144125061035156250e+02
1.743409186601638794e-01,2.832104982745783019e+24,7.594498594412368746e+23,nan,1.886022421742773862e+19,nan,3.384685253909886376e+22,nan,nan,nan,2.146025848388671875e+02
1.743974536657333374e-01,2.833023284724202373e+24,7.596961522976585123e+23,nan,1.886634190012468429e+19,nan,3.385783006319057935e+22,nan,nan,nan,2.147939910888671875e+02
1.744566708803176880e-01,2.833985397719796787e+24,7.599541184843142943e+23,nan,1.887274765486810726e+19,nan,3.386932550123944254e+22,nan,nan,nan,2.149866180419921875e+02
1.745172590017318726e-01,2.834969416223978731e+24,7.602179933936811864e+23,nan,1.887930074416965222e+19,nan,3.388108439986650690e+22,nan,nan,nan,2.151805267333984375e+02
1.745805144309997559e-01,2.835996957514959583e+24,7.604935416332822229e+23,nan,1.888614410454093005e+19,nan,3.389336571605034625e+22,nan,nan,nan,2.153756103515625000e+02
1.746471077203750610e-01,2.837078974347033109e+24,7.607837175644729586e+23,nan,1.889335030374937395e+19,nan,3.390629780238034063e+22,nan,nan,nan,2.155717620849609375e+02
1.747150868177413940e-01,2.838182896687694165e+24,7.610797301607807666e+23,nan,1.890070163849268429e+19,nan,3.391949334928853618e+22,nan,nan,nan,2.157690429687500000e+02
1.747857332229614258e-01,2.839330918275906433e+24,7.613875602025107948e+23,nan,1.890834544332898304e+19,nan,3.393321131375350671e+22,nan,nan,nan,2.159672698974609375e+02
1.748590916395187378e-01,2.840522462650917609e+24,7.617071356320690051e+23,nan,1.891628171825827021e+19,nan,3.394745394757506590e+22,nan,nan,nan,2.161665039062500000e+02
1.749351471662521362e-01,2.841758106273479997e+24,7.620384564494553978e+23,nan,1.892451046328054579e+19,nan,3.396221899895340007e+22,nan,nan,nan,2.163666839599609375e+02
1.750125885009765625e-01,2.843015943635006067e+24,7.623757580471469385e+23,nan,1.893288654286094336e+19,nan,3.397725201450956279e+22,nan,nan,nan,2.165676422119140625e+02
1.750927120447158813e-01,2.844317592013707198e+24,7.627248050326666614e+23,nan,1.894155509253432934e+19,nan,3.399280969942231417e+22,nan,nan,nan,2.167694396972656250e+02
1.751755625009536743e-01,2.845663339639959540e+24,7.630856694636086045e+23,nan,1.895051611230070374e+19,nan,3.400889205369165421e+22,nan,nan,nan,2.169720306396484375e+02
1.752611249685287476e-01,2.847053186513763094e+24,7.634583513399727678e+23,nan,1.895977180118332211e+19,nan,3.402550132911739660e+22,nan,nan,nan,2.171752624511718750e+02
1.753480583429336548e-01,2.848465515356906481e+24,7.638370860542361170e+23,nan,1.896917702364731802e+19,nan,3.404237856872096753e+22,nan,nan,nan,2.173791809082031250e+02
1.754377186298370361e-01,2.849921943447601081e+24,7.642276382139216864e+23,nan,1.897887691522755789e+19,nan,3.405978498128075450e+22,nan,nan,nan,2.175836486816406250e+02
1.755294203758239746e-01,2.851411518031553127e+24,7.646271255152679589e+23,nan,1.898879670913335296e+19,nan,3.407758996240756376e+22,nan,nan,nan,2.177886962890625000e+02
1.756231933832168579e-01,2.852934815569514924e+24,7.650355479582749344e+23,nan,1.899894080341121434e+19,nan,3.409579351210139530e+22,nan,nan,nan,2.179941711425781250e+02
1.757190227508544922e-01,2.854491547831110319e+24,7.654530496581306889e+23,nan,1.900930699903788646e+19,nan,3.411439788216206282e+22,nan,nan,nan,2.182000732421875000e+02
1.758169084787368774e-01,2.856081714816339312e+24,7.658794864996471464e+23,nan,1.901989749503662490e+19,nan,3.413340307258956631e+22,nan,nan,nan,2.184063262939453125e+02
1.759168654680252075e-01,2.857705604755578056e+24,7.663148584828243070e+23,nan,1.903071229140742963e+19,nan,3.415281133518371946e+22,nan,nan,nan,2.186129455566406250e+02
1.760195642709732056e-01,2.859373882172744164e+24,7.667622640842058016e+23,nan,1.904182175689447834e+19,nan,3.417274877073408865e+22,nan,nan,nan,2.188197631835937500e+02
1.761230230331420898e-01,2.861054265265708643e+24,7.672128402197249650e+23,nan,1.905301258624198246e+19,nan,3.419283032147253369e+22,nan,nan,nan,2.190268402099609375e+02
1.762298643589019775e-01,2.862790276821270403e+24,7.676783322772099794e+23,nan,1.906457065247316378e+19,nan,3.421357615315601588e+22,nan,nan,nan,2.192340698242187500e+02
1.763374805450439453e-01,2.864538105822254383e+24,7.681470669264267006e+23,nan,1.907621228158805606e+19,nan,3.423446384822776024e+22,nan,nan,nan,2.194413604736328125e+02
1.764464825391769409e-01,2.866308705022954348e+24,7.686218544135426078e+23,nan,1.908800344428432589e+19,nan,3.425562851467658789e+22,nan,nan,nan,2.196486358642578125e+02
1.765582412481307983e-01,2.868124268162333981e+24,7.691087475764568869e+23,nan,1.910009587316660634e+19,nan,3.427732685768125894e+22,nan,nan,nan,2.198559265136718750e+02
1.766714602708816528e-01,2.869963177962181902e+24,7.696018376924584277e+23,nan,1.911234003465351987e+19,nan,3.429929992026319959e+22,nan,nan,nan,2.200631103515625000e+02
1.767853647470474243e-01,2.871813905207452043e+24,7.700980983425976374e+23,nan,1.912466556000088883e+19,nan,3.432141934983302978e+22,nan,nan,nan,2.202702484130859375e+02
1.769020855426788330e-01,2.873709884621778003e+24,7.706065367261292570e+23,nan,1.913729015251101286e+19,nan,3.434407695955833074e+22,nan,nan,nan,2.204771118164062500e+02
1.770202219486236572e-01,2.875628922466196099e+24,7.711211000051541003e+23,nan,1.915007087567228109e+19,nan,3.436701379246052868e+22,nan,nan,nan,2.206837463378906250e+02
1.771397590637207031e-01,2.877571018740706333e+24,7.716419322948602435e+23,nan,1.916300553046143795e+19,nan,3.439022534493999622e+22,nan,nan,nan,2.208900756835937500e+02
1.772607862949371338e-01,2.879536749906061007e+24,7.721690335952476863e+23,nan,1.917609411687848346e+19,nan,3.441371612059636072e+22,nan,nan,nan,2.210960083007812500e+02
1.773818582296371460e-01,2.881503633992920288e+24,7.726964951836053188e+23,nan,1.918919149938855117e+19,nan,3.443722265885142103e+22,nan,nan,nan,2.213015441894531250e+02
1.775050461292266846e-01,2.883504817494541623e+24,7.732331080864057682e+23,nan,1.920251977934045184e+19,nan,3.446113902467257205e+22,nan,nan,nan,2.215065917968750000e+02
1.776289939880371094e-01,2.885518394902337481e+24,7.737731076961260001e+23,nan,1.921592942315280794e+19,nan,3.448520626108123998e+22,nan,nan,nan,2.217111206054687500e+02
1.777550876140594482e-01,2.887566559955271545e+24,7.743223306778830868e+23,nan,1.922956776538374144e+19,nan,3.450968332505599862e+22,nan,nan,nan,2.219150695800781250e+02
1.778812557458877563e-01,2.889616166160086367e+24,7.748719139476103632e+23,nan,1.924321710273095270e+19,nan,3.453417615162945307e+22,nan,nan,nan,2.221183166503906250e+02
1.780088543891906738e-01,2.891689119025369478e+24,7.754278382856129772e+23,nan,1.925702257072930816e+19,nan,3.455895270497943185e+22,nan,nan,nan,2.223208770751953125e+02
1.781372427940368652e-01,2.893774754027203264e+24,7.759870772729413359e+23,nan,1.927091160161137459e+19,nan,3.458387787711711386e+22,nan,nan,nan,2.225226593017578125e+02
1.782657206058502197e-01,2.895861830180917809e+24,7.765467486058339222e+23,nan,1.928481162760971878e+19,nan,3.460882106365330535e+22,nan,nan,nan,2.227236480712890625e+02
1.783949881792068481e-01,2.897961588471183029e+24,7.771098066456462911e+23,nan,1.929879301746851840e+19,nan,3.463391512077701376e+22,nan,nan,nan,2.229237365722656250e+02
1.785257011651992798e-01,2.900084981652292689e+24,7.776792057537339977e+23,nan,1.931293273700171776e+19,nan,3.465929065287743282e+22,nan,nan,nan,2.231228637695312500e+02
1.786565035581588745e-01,2.902209815985283108e+24,7.782489651497918938e+23,nan,1.932708345165119488e+19,nan,3.468468419937636136e+22,nan,nan,nan,2.233210601806640625e+02
1.787867397069931030e-01,2.904325138715860521e+24,7.788162025300584626e+23,nan,1.934117039462626099e+19,nan,3.470996515588460564e+22,nan,nan,nan,2.235181427001953125e+02
1.789184063673019409e-01,2.906464096337282374e+24,7.793898530361944069e+23,nan,1.935541566727572685e+19,nan,3.473552983916937426e+22,nan,nan,nan,2.237142028808593750e+02
1.790494769811630249e-01,2.908593542356291220e+24,7.799609094689449858e+23,nan,1.936959716825078170e+19,nan,3.476097968066364493e+22,nan,nan,nan,2.239090423583984375e+02
1.791820377111434937e-01,2.910746911496520658e+24,7.805383069699709023e+23,nan,1.938393699890023629e+19,nan,3.478671324893443994e+22,nan,nan,nan,2.241026306152343750e+02
1.793140023946762085e-01,2.912890769034337090e+24,7.811131824552054914e+23,nan,1.939821305787527987e+19,nan,3.481233422721455070e+22,nan,nan,nan,2.242949829101562500e+02
1.794460862874984741e-01,2.915036067724034281e+24,7.816884902860043080e+23,nan,1.941250011196660122e+19,nan,3.483797547169298461e+22,nan,nan,nan,2.244860229492187500e+02
1.795768737792968750e-01,2.917160902057024700e+24,7.822582496820622042e+23,nan,1.942664862759282278e+19,nan,3.486336676639209947e+22,nan,nan,nan,2.246756134033203125e+02
1.797084361314773560e-01,2.919298130296189642e+24,7.828313957850398830e+23,nan,1.944088290512601088e+19,nan,3.488891118347854492e+22,nan,nan,nan,2.248638000488281250e+02
1.798394173383712769e-01,2.921425846932941578e+24,7.834019478146321964e+23,nan,1.945505341098478797e+19,nan,3.491434075877449243e+22,nan,nan,nan,2.250505065917968750e+02
1.799705177545547485e-01,2.923555292951950425e+24,7.839730042473827753e+23,nan,1.946923271293658726e+19,nan,3.493978834846894942e+22,nan,nan,nan,2.252355804443359375e+02
1.801003217697143555e-01,2.925663986383876348e+24,7.845383681302043579e+23,nan,1.948327567544654234e+19,nan,3.496498824018390103e+22,nan,nan,nan,2.254191741943359375e+02
1.802295297384262085e-01,2.927762879983013113e+24,7.851012820548286509e+23,nan,1.949725266725883085e+19,nan,3.499007329010835469e+22,nan,nan,nan,2.256009979248046875e+02
1.803587973117828369e-01,2.929863214734030636e+24,7.856644842098290957e+23,nan,1.951124065418739712e+19,nan,3.501517635443131784e+22,nan,nan,nan,2.257811889648437500e+02
1.804868280887603760e-01,2.931942796897965237e+24,7.862221379300886200e+23,nan,1.952509010265086362e+19,nan,3.504002946897496192e+22,nan,nan,nan,2.259595489501953125e+02
1.806142479181289673e-01,2.934012579229110679e+24,7.867771975769627789e+23,nan,1.953887358041666355e+19,nan,3.506476548992829437e+22,nan,nan,nan,2.261361083984375000e+02
1.807396858930587769e-01,2.936050367988503281e+24,7.873236103125523864e+23,nan,1.955244375292667494e+19,nan,3.508911870491330032e+22,nan,nan,nan,2.263107452392578125e+02
1.808659136295318604e-01,2.938100838884446558e+24,7.878734097550617765e+23,nan,1.956609748832039731e+19,nan,3.511362279048582319e+22,nan,nan,nan,2.264834442138671875e+02
1.809887588024139404e-01,2.940096546008921010e+24,7.884085815059814673e+23,nan,1.957938838487695360e+19,nan,3.513747385411237734e+22,nan,nan,nan,2.266541900634765625e+02
1.811116933822631836e-01,2.942093406054900069e+24,7.889441135448713477e+23,nan,1.959268807752653210e+19,nan,3.516134068033762728e+22,nan,nan,nan,2.268229217529296875e+02
1.812326461076736450e-01,2.944058272529126288e+24,7.894709986724766768e+23,nan,1.960577226589706650e+19,nan,3.518482244879473705e+22,nan,nan,nan,2.269895172119140625e+02
1.813529878854751587e-01,2.946013050940187197e+24,7.899951456115085646e+23,nan,1.961878828454667878e+19,nan,3.520818262006190781e+22,nan,nan,nan,2.271539916992187500e+02
1.814713031053543091e-01,2.947935259318742963e+24,7.905106456392559011e+23,nan,1.963159099794050253e+19,nan,3.523115773356093840e+22,nan,nan,nan,2.273162994384765625e+02
1.815876364707946777e-01,2.949825185895169737e+24,7.910174266981246483e+23,nan,1.964417600803202662e+19,nan,3.525374328569220144e+22,nan,nan,nan,2.274762725830078125e+02
1.817026734352111816e-01,2.951693783423761284e+24,7.915185152070643991e+23,nan,1.965662028063519539e+19,nan,3.527607438444451804e+22,nan,nan,nan,2.276340026855468750e+02
1.818156987428665161e-01,2.953529522689471536e+24,7.920108126895315228e+23,nan,1.966884684993606451e+19,nan,3.529801592182906710e+22,nan,nan,nan,2.277893676757812500e+02
1.819266974925994873e-01,2.955332980153052796e+24,7.924943912031200572e+23,nan,1.968085351691137843e+19,nan,3.531956564604603492e+22,nan,nan,nan,2.279423828125000000e+02
1.820356696844100952e-01,2.957103291123376610e+24,7.929691066326419264e+23,nan,1.969264467960764826e+19,nan,3.534072580889523519e+22,nan,nan,nan,2.280929107666015625e+02
1.821433454751968384e-01,2.958852273045865197e+24,7.934381295122347993e+23,nan,1.970429290579230720e+19,nan,3.536162926656567535e+22,nan,nan,nan,2.282409362792968750e+02
1.822482794523239136e-01,2.960557155720802572e+24,7.938953349464054521e+23,nan,1.971564646286072218e+19,nan,3.538200355127989948e+22,nan,nan,nan,2.283864440917968750e+02
1.823512166738510132e-01,2.962229180132858651e+24,7.943436772965094397e+23,nan,1.972678011760358195e+19,nan,3.540198377102672868e+22,nan,nan,nan,2.285293884277343750e+02
1.824514120817184448e-01,2.963856817066987368e+24,7.947801301435971692e+23,nan,1.973761910323019776e+19,nan,3.542143706961715554e+22,nan,nan,nan,2.286695861816406250e+02
1.825502812862396240e-01,2.965462836722904706e+24,7.952107463255678266e+23,nan,1.974831295332194714e+19,nan,3.544062915942919491e+22,nan,nan,nan,2.288072357177734375e+02
1.826450079679489136e-01,2.967001698701178695e+24,7.956234201666230398e+23,nan,1.975856040169281946e+19,nan,3.545902186030737601e+22,nan,nan,nan,2.289420928955078125e+02
1.827383935451507568e-01,2.968518655170865153e+24,7.960301852849671430e+23,nan,1.976866491355208090e+19,nan,3.547715110060735594e+22,nan,nan,nan,2.290741882324218750e+02
1.828283369541168213e-01,2.969979694947578180e+24,7.964220344813453952e+23,nan,1.977839339243464294e+19,nan,3.549461380816248504e+22,nan,nan,nan,2.292034149169921875e+02
1.829155385494232178e-01,2.971396347246363843e+24,7.968019221171133512e+23,nan,1.978782720220096102e+19,nan,3.551154283916177074e+22,nan,nan,nan,2.293298492431640625e+02
1.830006837844848633e-01,2.972779564821515908e+24,7.971728025536265663e+23,nan,1.979703891061846835e+19,nan,3.552807330159403414e+22,nan,nan,nan,2.294533233642578125e+02
1.830830872058868408e-01,2.974118106688364457e+24,7.975317214295294854e+23,nan,1.980595155187322061e+19,nan,3.554407008747045415e+22,nan,nan,nan,2.295738983154296875e+02
1.831613034009933472e-01,2.975388914416817355e+24,7.978725538493288845e+23,nan,1.981441559238384026e+19,nan,3.555925847721376114e+22,nan,nan,nan,2.296914215087890625e+02
1.832382082939147949e-01,2.976637816636682722e+24,7.982074054888231356e+23,nan,1.982273229833633792e+19,nan,3.557418340637886697e+22,nan,nan,nan,2.298059387207031250e+02
1.833115965127944946e-01,2.977830225702822353e+24,7.985271970911634598e+23,nan,1.983067297131213619e+19,nan,3.558843504739968090e+22,nan,nan,nan,2.299173431396484375e+02
1.833815425634384155e-01,2.978966429845612401e+24,7.988318565987558191e+23,nan,1.983823981033449062e+19,nan,3.560201340027620295e+22,nan,nan,nan,2.300256347656250000e+02
1.834480017423629761e-01,2.980046140834676713e+24,7.991213840116002136e+23,nan,1.984543061638014566e+19,nan,3.561491846500843310e+22,nan,nan,nan,2.301308441162109375e+02
1.835124045610427856e-01,2.981092128869731275e+24,7.994019042251898670e+23,nan,1.985239712205373440e+19,nan,3.562741820577419991e+22,nan,nan,nan,2.302328033447265625e+02
1.835726201534271240e-01,2.982070382766390185e+24,7.996641938674879247e+23,nan,1.985891062893667942e+19,nan,3.563910955040685372e+22,nan,nan,nan,2.303315429687500000e+02
1.836300492286682129e-01,2.983003384493993275e+24,7.999143778339876105e+23,nan,1.986512286963361382e+19,nan,3.565025821128440938e+22,nan,nan,nan,2.304271087646484375e+02
1.836847066879272461e-01,2.983891134052540548e+24,8.001524561246889244e+23,nan,1.987103604316779315e+19,nan,3.566086869200649427e+22,nan,nan,nan,2.305193023681640625e+02
1.837351471185684204e-01,2.984710573011939864e+24,8.003722317865046046e+23,nan,1.987649401888807322e+19,nan,3.567066402119602510e+22,nan,nan,nan,2.306081695556640625e+02
1.837828308343887329e-01,2.985485048032659514e+24,8.005799017725219129e+23,nan,1.988165072842234266e+19,nan,3.567991891843027147e+22,nan,nan,nan,2.306936492919921875e+02
1.838262975215911865e-01,2.986191212454231207e+24,8.007692691296535875e+23,nan,1.988635224014271283e+19,nan,3.568835866413196378e+22,nan,nan,nan,2.307756652832031250e+02
1.838669627904891968e-01,2.986851836476370931e+24,8.009464587533928523e+23,nan,1.989075248567707238e+19,nan,3.569625572607855795e+22,nan,nan,nan,2.308543853759765625e+02
1.839034408330917358e-01,2.987444438129738850e+24,8.011053457482464834e+23,nan,1.989469973242078822e+19,nan,3.570333763649259805e+22,nan,nan,nan,2.309295349121093750e+02
1.839371174573898315e-01,2.987991499383674799e+24,8.012520550097077047e+23,nan,1.989834351395523789e+19,nan,3.570987461135172633e+22,nan,nan,nan,2.310012207031250000e+02
1.839665770530700684e-01,2.988470250038462792e+24,8.013803895846892544e+23,nan,1.990153209767578829e+19,nan,3.571559643467830054e+22,nan,nan,nan,2.310694274902343750e+02
1.839932501316070557e-01,2.988903460293818815e+24,8.014966184838724321e+23,nan,1.990441721618707251e+19,nan,3.572077332244996293e+22,nan,nan,nan,2.311339874267578125e+02
1.840164363384246826e-01,2.989279889165072950e+24,8.015974991155255312e+23,nan,1.990692190367514624e+19,nan,3.572527016667789237e+22,nan,nan,nan,2.311950683593750000e+02
1.840360909700393677e-01,2.989599248421849047e+24,8.016831035372425896e+23,nan,1.990904835916326502e+19,nan,3.572908696736208886e+22,nan,nan,nan,2.312524871826171875e+02
1.840515285730361938e-01,2.989850008849101036e+24,8.017504053300740143e+23,nan,1.991071961683748454e+19,nan,3.573208636471391761e+22,nan,nan,nan,2.313062896728515625e+02
1.840634495019912720e-01,2.990043987892251138e+24,8.018023588553753604e+23,nan,1.991201044348849357e+19,nan,3.573440346672219973e+22,nan,nan,nan,2.313564758300781250e+02
1.840718984603881836e-01,2.990180897320923201e+24,8.018391082283347036e+23,nan,1.991292303813954765e+19,nan,3.573603827338693522e+22,nan,nan,nan,2.314029388427734375e+02
1.840768158435821533e-01,2.990260737135117225e+24,8.018605093337639682e+23,nan,1.991345300274413568e+19,nan,3.573699303650793777e+22,nan,nan,nan,2.314456634521484375e+02
1.840789169073104858e-01,2.990295036549879279e+24,8.018696606482067851e+23,nan,1.991368170116271309e+19,nan,3.573740286407402848e+22,nan,nan,nan,2.314847869873046875e+02
1.840761005878448486e-01,2.990249207920071157e+24,8.018574829148143752e+23,nan,1.991337823595344691e+19,nan,3.573685792851911665e+22,nan,nan,nan,2.315200653076171875e+02
1.840704977512359619e-01,2.990158127121207216e+24,8.018329833328414797e+23,nan,1.991276910651165901e+19,nan,3.573576580560947931e+22,nan,nan,nan,2.315516815185546875e+02
1.840620636940002441e-01,2.990021217692535153e+24,8.017963060174761744e+23,nan,1.991185871088386048e+19,nan,3.573413099894474382e+22,nan,nan,nan,2.315794372558593750e+02
1.840480268001556396e-01,2.989792939234622997e+24,8.017351291201379736e+23,nan,1.991033918581427405e+19,nan,3.573140406937037098e+22,nan,nan,nan,2.316034393310546875e+02
1.840318739414215088e-01,2.989530649592324940e+24,8.016648009083569559e+23,nan,1.990859316134936576e+19,nan,3.572826956402972112e+22,nan,nan,nan,2.316236724853515625e+02
1.840122193098068237e-01,2.989211290335548843e+24,8.015791244290458596e+23,nan,1.990646670586124698e+19,nan,3.572445276334552462e+22,nan,nan,nan,2.316400451660156250e+02
1.839890629053115845e-01,2.988835149694670859e+24,8.014782437973927605e+23,nan,1.990395981934991770e+19,nan,3.571995591911759518e+22,nan,nan,nan,2.316526336669921875e+02
1.839623749256134033e-01,2.988401939439314836e+24,8.013620869558036207e+23,nan,1.990107470083863347e+19,nan,3.571477903134593280e+22,nan,nan,nan,2.316614074707031250e+02
1.839322149753570557e-01,2.987911659569480775e+24,8.012306539042784401e+23,nan,1.989781135032739430e+19,nan,3.570892210003053747e+22,nan,nan,nan,2.316662597656250000e+02
1.838992387056350708e-01,2.987376127530590894e+24,8.010869710617668118e+23,nan,1.989424453460688896e+19,nan,3.570252023316023031e+22,nan,nan,nan,2.316672515869140625e+02
1.838620603084564209e-01,2.986772284892553058e+24,8.009250576479635877e+23,nan,1.989022252107248435e+19,nan,3.569530096295755540e+22,nan,nan,nan,2.316644287109375000e+02
1.838220953941345215e-01,2.986122901855083252e+24,8.007508944431739159e+23,nan,1.988589704232881357e+19,nan,3.568754126079959604e+22,nan,nan,nan,2.316576843261718750e+02
1.837786138057708740e-01,2.985416737433511558e+24,8.005615270860422413e+23,nan,1.988119553060844339e+19,nan,3.567910151509790373e+22,nan,nan,nan,2.316471405029296875e+02
1.837323457002639771e-01,2.984665032612507894e+24,8.003600540531121948e+23,nan,1.987619055367880704e+19,nan,3.567011908564111327e+22,nan,nan,nan,2.316326904296875000e+02
1.836825907230377197e-01,2.983856834637778494e+24,8.001433048102461076e+23,nan,1.987080734474921574e+19,nan,3.566046111624021724e+22,nan,nan,nan,2.316143341064453125e+02
1.836300492286682129e-01,2.983003384493993275e+24,7.999143778339876105e+23,nan,1.986512286963361382e+19,nan,3.565025821128440938e+22,nan,nan,nan,2.315921478271484375e+02
1.835747212171554565e-01,2.982104393950776086e+24,7.996733451819307416e+23,nan,1.985913712833200128e+19,nan,3.563951712617313075e+22,nan,nan,nan,2.315660552978515625e+02
1.835166066884994507e-01,2.981160439468879231e+24,7.994202068540755007e+23,nan,1.985285012084437811e+19,nan,3.562823560910656766e+22,nan,nan,nan,2.315361175537109375e+02
1.834543198347091675e-01,2.980148462618210571e+24,7.991488379549286641e+23,nan,1.984611231358936678e+19,nan,3.561614119230726419e+22,nan,nan,nan,2.315023040771484375e+02
1.833906471729278564e-01,2.979114003798202077e+24,7.988714882754766795e+23,nan,1.983922497275297792e+19,nan,3.560377881133013218e+22,nan,nan,nan,2.314645996093750000e+02
1.833228021860122681e-01,2.978012099070174083e+24,7.985759080247330991e+23,nan,1.983188463312594534e+19,nan,3.559060803421988717e+22,nan,nan,nan,2.314230499267578125e+02
1.832521855831146240e-01,2.976864942173090270e+24,7.982682941557851847e+23,nan,1.982424522633615770e+19,nan,3.557689682515435769e+22,nan,nan,nan,2.313776855468750000e+02
1.831794828176498413e-01,2.975684062321996707e+24,7.979516730875825294e+23,nan,1.981638151917430374e+19,nan,3.556278479572199224e+22,nan,nan,nan,2.313284606933593750e+02
1.831047385931015015e-01,2.974469747747269546e+24,7.976260448201251330e+23,nan,1.980829571066363904e+19,nan,3.554827194592279082e+22,nan,nan,nan,2.312754211425781250e+02
1.830265372991561890e-01,2.973199228249192800e+24,7.972853565155138098e+23,nan,1.979983386917627494e+19,nan,3.553308805977911119e+22,nan,nan,nan,2.312184753417968750e+02
1.829469501972198486e-01,2.971906515012152373e+24,7.969386874305973385e+23,nan,1.979122469313078886e+19,nan,3.551763846125741670e+22,nan,nan,nan,2.311578216552734375e+02
1.828639060258865356e-01,2.970557596851762362e+24,7.965770303661209782e+23,nan,1.978224168313185894e+19,nan,3.550152007819105770e+22,nan,nan,nan,2.310933380126953125e+02
1.827795356512069702e-01,2.969186773182784821e+24,7.962093925213394698e+23,nan,1.977311353759806259e+19,nan,3.548513598274668383e+22,nan,nan,nan,2.310251312255859375e+02
1.826923787593841553e-01,2.967771273805503765e+24,7.958297931159476655e+23,nan,1.976368852392476672e+19,nan,3.546822046254628025e+22,nan,nan,nan,2.309531250000000000e+02
1.826032102108001709e-01,2.966322627934965262e+24,7.954413306264891960e+23,nan,1.975403920987940454e+19,nan,3.545090637377885438e+22,nan,nan,nan,2.308774108886718750e+02
1.825119704008102417e-01,2.964840547340793160e+24,7.950439329953700234e+23,nan,1.974416999350848717e+19,nan,3.543319371644440622e+22,nan,nan,nan,2.307980194091796875e+02
1.824187189340591431e-01,2.963325608483739763e+24,7.946376002225901478e+23,nan,1.973408087481201459e+19,nan,3.541508699414256314e+22,nan,nan,nan,2.307148742675781250e+02
1.823240816593170166e-01,2.961788475887722684e+24,7.942255028422872379e+23,nan,1.972384442155742003e+19,nan,3.539671906306233257e+22,nan,nan,nan,2.306280975341796875e+02
1.822260618209838867e-01,2.960196003059484477e+24,7.937984174824244390e+23,nan,1.971323853239589274e+19,nan,3.537768459923725117e+22,nan,nan,nan,2.305377044677734375e+02
1.821280717849731445e-01,2.958604106691998573e+24,7.933715482953437539e+23,nan,1.970263924030413210e+19,nan,3.535866139441123820e+22,nan,nan,nan,2.304436035156250000e+02
1.820280551910400391e-01,2.956979352061631374e+24,7.929358880817904416e+23,nan,1.969181784686356070e+19,nan,3.533924412461783030e+22,nan,nan,nan,2.303459930419921875e+02
1.819260120391845703e-01,2.955321739168382880e+24,7.924913647841704642e+23,nan,1.968077875012068966e+19,nan,3.531943278985702749e+22,nan,nan,nan,2.302447509765625000e+02
1.818233132362365723e-01,2.953653461751216772e+24,7.920440312403830076e+23,nan,1.966967148365689651e+19,nan,3.529949760610647199e+22,nan,nan,nan,2.301400909423828125e+02
1.817186027765274048e-01,2.951952614301545521e+24,7.915879787277169616e+23,nan,1.965834431486754816e+19,nan,3.527917060918833526e+22,nan,nan,nan,2.300318908691406250e+02
1.816125959157943726e-01,2.950230437804039043e+24,7.911260895499338436e+23,nan,1.964687420956658893e+19,nan,3.525858465529162472e+22,nan,nan,nan,2.299202575683593750e+02
1.815059334039688110e-01,2.948497596782614952e+24,7.906614621835772842e+23,nan,1.963533593454470758e+19,nan,3.523787710420497518e+22,nan,nan,nan,2.298050994873046875e+02
1.813979595899581909e-01,2.946743714943731786e+24,7.901910702096976907e+23,nan,1.962365472301121536e+19,nan,3.521691509973937920e+22,nan,nan,nan,2.296865844726562500e+02
1.812886446714401245e-01,2.944967927596261090e+24,7.897149856858891008e+23,nan,1.961183057496611226e+19,nan,3.519569413829520943e+22,nan,nan,nan,2.295648040771484375e+02
1.811780184507369995e-01,2.943171099431331319e+24,7.892330644969634388e+23,nan,1.959986349040939827e+19,nan,3.517421872347209322e+22,nan,nan,nan,2.294396057128906250e+02
1.810674816370010376e-01,2.941375424187906155e+24,7.887515035960079664e+23,nan,1.958790520194570650e+19,nan,3.515275681944785912e+22,nan,nan,nan,2.293110809326171875e+02
1.809556186199188232e-01,2.939558131666269613e+24,7.882642501451234977e+23,nan,1.957580397697040384e+19,nan,3.513104046204467859e+22,nan,nan,nan,2.291794738769531250e+02
1.808438301086425781e-01,2.937741992066137677e+24,7.877772849246151807e+23,nan,1.956370934906486784e+19,nan,3.510933761544038017e+22,nan,nan,nan,2.290446014404296875e+02
1.807307302951812744e-01,2.935904811648546666e+24,7.872845550965838295e+23,nan,1.955147398367097651e+19,nan,3.508737806365732163e+22,nan,nan,nan,2.289066009521484375e+02
1.806170195341110229e-01,2.934057543167790346e+24,7.867892311951671128e+23,nan,1.953917264757941862e+19,nan,3.506530141828395146e+22,nan,nan,nan,2.287654876708984375e+02
1.805040389299392700e-01,2.932222380362832397e+24,7.862971498854821029e+23,nan,1.952695267534831616e+19,nan,3.504337113989847083e+22,nan,nan,nan,2.286213378906250000e+02
1.803890764713287354e-01,2.930354935755745457e+24,7.857963496069185038e+23,nan,1.951451499981491405e+19,nan,3.502105355194503633e+22,nan,nan,nan,2.284741363525390625e+02
1.802755892276763916e-01,2.928511126039502957e+24,7.853019624542242802e+23,nan,1.950223785297916723e+19,nan,3.499901743896831250e+22,nan,nan,nan,2.283240051269531250e+02
1.801614612340927124e-01,2.926657228260095147e+24,7.848048371129566154e+23,nan,1.948989033739924275e+19,nan,3.497686198060146334e+22,nan,nan,nan,2.281709747314453125e+02
1.800467371940612793e-01,2.924793530647898178e+24,7.843049735831155093e+23,nan,1.947747905014490726e+19,nan,3.495458717684448887e+22,nan,nan,nan,2.280150299072265625e+02
1.799320876598358154e-01,2.922930985957205817e+24,7.838055423988386308e+23,nan,1.946507435996033843e+19,nan,3.493232588388639651e+22,nan,nan,nan,2.278562927246093750e+02
1.798181533813476562e-01,2.921080546942311828e+24,7.833093538062934590e+23,nan,1.945275323265948058e+19,nan,3.491021095791619369e+22,nan,nan,nan,2.276948242187500000e+02
1.797036379575729370e-01,2.919220308094628680e+24,7.828104990827688839e+23,nan,1.944036393563770061e+19,nan,3.488797893835567923e+22,nan,nan,nan,2.275306091308593750e+02
1.795905679464340210e-01,2.917383415907413821e+24,7.823179133699256085e+23,nan,1.942813076926706483e+19,nan,3.486602614197206175e+22,nan,nan,nan,2.273638000488281250e+02
1.794768720865249634e-01,2.915536435657033652e+24,7.818226615261029298e+23,nan,1.941583383122201805e+19,nan,3.484395625199813263e+22,nan,nan,nan,2.271943511962890625e+02
1.793632656335830688e-01,2.913690896558534242e+24,7.813277699702504408e+23,nan,1.940354129122348237e+19,nan,3.482189762102327194e+22,nan,nan,nan,2.270223693847656250e+02
1.792517751455307007e-01,2.911879656874796885e+24,7.808421017864348065e+23,nan,1.939148184769003520e+19,nan,3.480025332121412934e+22,nan,nan,nan,2.268479614257812500e+02
1.791389733552932739e-01,2.910047376373600454e+24,7.803507410526901759e+23,nan,1.937927946764497715e+19,nan,3.477835456802604030e+22,nan,nan,nan,2.266711273193359375e+02
1.790283173322677612e-01,2.908249683517542228e+24,7.798686757485764380e+23,nan,1.936730578601849651e+19,nan,3.475687014600366935e+22,nan,nan,nan,2.264918518066406250e+02
1.789177358150482178e-01,2.906453143582988608e+24,7.793868986748388518e+23,nan,1.935534090048503808e+19,nan,3.473539698298036683e+22,nan,nan,nan,2.263103332519531250e+02
1.788085401058197021e-01,2.904679662078527126e+24,7.789113185541885274e+23,nan,1.934353214560272384e+19,nan,3.471420304313396127e+22,nan,nan,nan,2.261265563964843750e+02
1.787001192569732666e-01,2.902918286249864016e+24,7.784389810252699098e+23,nan,1.933180255555760947e+19,nan,3.469315321847563158e+22,nan,nan,nan,2.259405975341796875e+02
1.785917580127716064e-01,2.901158063342705512e+24,7.779670037843214818e+23,nan,1.932008176160551731e+19,nan,3.467211690461618399e+22,nan,nan,nan,2.257526245117187500e+02
1.784848570823669434e-01,2.899421187096015297e+24,7.775012234964603157e+23,nan,1.930851270025805824e+19,nan,3.465135756213381969e+22,nan,nan,nan,2.255625152587890625e+02
1.783786565065383911e-01,2.897696128294747302e+24,7.770386858003308562e+23,nan,1.929702720179431014e+19,nan,3.463074233483953124e+22,nan,nan,nan,2.253703918457031250e+02
1.782745569944381714e-01,2.896005368908241361e+24,7.765852994186442137e+23,nan,1.928576820272588390e+19,nan,3.461053693511133351e+22,nan,nan,nan,2.251763763427734375e+02
1.781712323427200317e-01,2.894326715197533792e+24,7.761351556286892778e+23,nan,1.927458836849465754e+19,nan,3.459047565057121164e+22,nan,nan,nan,2.249805297851562500e+02
1.780686378479003906e-01,2.892660167162624595e+24,7.756881823728720109e+23,nan,1.926348769910063104e+19,nan,3.457055622941935193e+22,nan,nan,nan,2.247828674316406250e+02
1.779681146144866943e-01,2.891027342081725148e+24,7.752503604314975607e+23,nan,1.925261572812518195e+19,nan,3.455104438403376926e+22,nan,nan,nan,2.245835266113281250e+02
1.778683513402938843e-01,2.889406622676624073e+24,7.748157810818548173e+23,nan,1.924182292198693274e+19,nan,3.453167440203644876e+22,nan,nan,nan,2.243825225830078125e+02
1.777693182229995728e-01,2.887798008947321369e+24,7.743843722663497428e+23,nan,1.923110928068588339e+19,nan,3.451244628342739042e+22,nan,nan,nan,2.241798858642578125e+02
1.776730567216873169e-01,2.886234070926322181e+24,7.739649970690490022e+23,nan,1.922069470654758912e+19,nan,3.449375634497380286e+22,nan,nan,nan,2.239757690429687500e+02
1.775781810283660889e-01,2.884692903105038979e+24,7.735517467672414855e+23,nan,1.921043186501392794e+19,nan,3.447534112609748491e+22,nan,nan,nan,2.237702026367187500e+02
1.774847358465194702e-01,2.883174793713847913e+24,7.731446213609271926e+23,nan,1.920032295510815539e+19,nan,3.445719612319880918e+22,nan,nan,nan,2.235632324218750000e+02
1.773920059204101562e-01,2.881668501768079067e+24,7.727406664887505686e+23,nan,1.919029101101632717e+19,nan,3.443919298368839562e+22,nan,nan,nan,2.233549652099609375e+02
1.773013621568679810e-01,2.880195932776319972e+24,7.723457908734227235e+23,nan,1.918048336729656525e+19,nan,3.442159291634463172e+22,nan,nan,nan,2.231454620361328125e+02
1.772120893001556396e-01,2.878745845753900710e+24,7.719569680959940644e+23,nan,1.917082745618143642e+19,nan,3.440426531677832374e+22,nan,nan,nan,2.229348144531250000e+02
1.771256029605865479e-01,2.877340722670161115e+24,7.715801789367697392e+23,nan,1.916146841320580710e+19,nan,3.438747139376785916e+22,nan,nan,nan,2.227229766845703125e+02
1.770397871732711792e-01,2.875946840571091437e+24,7.712064161964950070e+23,nan,1.915218853506737766e+19,nan,3.437081483054602938e+22,nan,nan,nan,2.225102539062500000e+02
1.769567430019378662e-01,2.874597922410701427e+24,7.708446870744246088e+23,nan,1.914320332604519219e+19,nan,3.435469194388004300e+22,nan,nan,nan,2.222964630126953125e+02
1.768743991851806641e-01,2.873260245234981332e+24,7.704859843713038035e+23,nan,1.913429728186020659e+19,nan,3.433870641700269143e+22,nan,nan,nan,2.220818634033203125e+02
1.767948120832443237e-01,2.871967243767564753e+24,7.701392432287932943e+23,nan,1.912568590679146496e+19,nan,3.432325231488136957e+22,nan,nan,nan,2.218663940429687500e+02
1.767159253358840942e-01,2.870685771515194243e+24,7.697956005628264160e+23,nan,1.911715149753666765e+19,nan,3.430793782434849620e+22,nan,nan,nan,2.216502227783203125e+02
1.766397655010223389e-01,2.869448686740751096e+24,7.694638473998757957e+23,nan,1.910891395642136986e+19,nan,3.429315250677183886e+22,nan,nan,nan,2.214333190917968750e+02
1.765656471252441406e-01,2.868244748459565396e+24,7.691410293785858786e+23,nan,1.910089631763162726e+19,nan,3.427876575776220381e+22,nan,nan,nan,2.212158813476562500e+02
1.764922589063644409e-01,2.867052339393425765e+24,7.688213098338395923e+23,nan,1.909295564465582899e+19,nan,3.426451411674138988e+22,nan,nan,nan,2.209979248046875000e+02
1.764215826988220215e-01,2.865904317805213497e+24,7.685134077345155263e+23,nan,1.908530964079627469e+19,nan,3.425079390047660566e+22,nan,nan,nan,2.207794342041015625e+02
1.763529479503631592e-01,2.864789442710258676e+24,7.682144407768521633e+23,nan,1.907788573828553114e+19,nan,3.423746774917921636e+22,nan,nan,nan,2.205606842041015625e+02
1.762863695621490479e-01,2.863707714108561302e+24,7.679244089608495033e+23,nan,1.907068173810034278e+19,nan,3.422454016644884935e+22,nan,nan,nan,2.203415527343750000e+02
1.762211173772811890e-01,2.862648179245827609e+24,7.676402858675579535e+23,nan,1.906362727149653197e+19,nan,3.421188054789631089e+22,nan,nan,nan,2.201221923828125000e+02
1.761572659015655518e-01,2.861610838122057599e+24,7.673621435545715516e+23,nan,1.905671794042758758e+19,nan,3.419948438992197360e+22,nan,nan,nan,2.199026641845703125e+02
1.760961264371871948e-01,2.860617884476214952e+24,7.670958186870073700e+23,nan,1.905010547749814272e+19,nan,3.418761290130422497e+22,nan,nan,nan,2.196830139160156250e+02
1.760376989841461182e-01,2.859668453617171213e+24,7.668412392072713706e+23,nan,1.904378328563843072e+19,nan,3.417627058564269238e+22,nan,nan,nan,2.194633636474609375e+02
1.759799718856811523e-01,2.858730551973173543e+24,7.665897582040790021e+23,nan,1.903753805959266304e+19,nan,3.416505887437035353e+22,nan,nan,nan,2.192437591552734375e+02
1.759242415428161621e-01,2.857825508592057168e+24,7.663470682273592608e+23,nan,1.903151053684919501e+19,nan,3.415424347986522328e+22,nan,nan,nan,2.190243072509765625e+02
1.758712530136108398e-01,2.856964564458492005e+24,7.661161236384677018e+23,nan,1.902577548419871539e+19,nan,3.414395275471668170e+22,nan,nan,nan,2.188050079345703125e+02
1.758196055889129639e-01,2.856125525833514373e+24,7.658911598298812908e+23,nan,1.902018776610635776e+19,nan,3.413392549014634129e+22,nan,nan,nan,2.185860290527343750e+02
1.757699698209762573e-01,2.855319345471418035e+24,7.656749870477675069e+23,nan,1.901481995033955533e+19,nan,3.412429003874358211e+22,nan,nan,nan,2.183673248291015625e+02
1.757217049598693848e-01,2.854535070617909227e+24,7.654647229883648332e+23,nan,1.900959727010761933e+19,nan,3.411492029971883780e+22,nan,nan,nan,2.181490478515625000e+02
1.756761223077774048e-01,2.853794895011951631e+24,7.652661322591963038e+23,nan,1.900466705996867174e+19,nan,3.410607072645105477e+22,nan,nan,nan,2.179311828613281250e+02
1.756318956613540649e-01,2.853076336684205414e+24,7.650735223103329225e+23,nan,1.899988418438784614e+19,nan,3.409748461376147292e+22,nan,nan,nan,2.177139129638671875e+02
1.755896955728530884e-01,2.852390636619340492e+24,7.648897033879421683e+23,nan,1.899531681308606464e+19,nan,3.408929256603928599e+22,nan,nan,nan,2.174972229003906250e+02
1.755495071411132812e-01,2.851738083047733016e+24,7.647146034344300034e+23,nan,1.899097154313309389e+19,nan,3.408149007968486661e+22,nan,nan,nan,2.172812347412109375e+02
1.755106747150421143e-01,2.851107146754336919e+24,7.645454122036289486e+23,nan,1.898676920969173402e+19,nan,3.407395105390864839e+22,nan,nan,nan,2.170659332275390625e+02
1.754738539457321167e-01,2.850509068723822118e+24,7.643850840568945590e+23,nan,1.898278677857592934e+19,nan,3.406680158950019773e+22,nan,nan,nan,2.168515014648437500e+02
1.754383742809295654e-01,2.849932607971518694e+24,7.642305205176832035e+23,nan,1.897894948299499110e+19,nan,3.405991558566994824e+22,nan,nan,nan,2.166379394531250000e+02
1.754049211740493774e-01,2.849389293712472717e+24,7.640847480049444753e+23,nan,1.897532989071635251e+19,nan,3.405341914320746630e+22,nan,nan,nan,2.164252929687500000e+02
1.753727942705154419e-01,2.848867596731638119e+24,7.639448842149168572e+23,nan,1.897185543397258035e+19,nan,3.404718390952337185e+22,nan,nan,nan,2.162136383056640625e+02
1.753433942794799805e-01,2.848389422537602429e+24,7.638166937551233834e+23,nan,1.896867124829854106e+19,nan,3.404147109339605238e+22,nan,nan,nan,2.160031433105468750e+02
1.753146201372146606e-01,2.847922201097860505e+24,7.636913855990914267e+23,nan,1.896555963039193498e+19,nan,3.403588662985811296e+22,nan,nan,nan,2.157937316894531250e+02
1.752878576517105103e-01,2.847487549690623723e+24,7.635748684695320972e+23,nan,1.896266571578762854e+19,nan,3.403069397948775478e+22,nan,nan,nan,2.155855712890625000e+02
1.752624511718750000e-01,2.847074803791974472e+24,7.634641880050898399e+23,nan,1.895991693671818854e+19,nan,3.402576028609597040e+22,nan,nan,nan,2.153785858154296875e+02
1.752383857965469360e-01,2.846683963401912751e+24,7.633593442057646548e+23,nan,1.895731329318361498e+19,nan,3.402108780148257351e+22,nan,nan,nan,2.151729583740234375e+02
1.752156466245651245e-01,2.846314740290062408e+24,7.632603370715565418e+23,nan,1.895485478518390784e+19,nan,3.401667652564756411e+22,nan,nan,nan,2.149687500000000000e+02
1.751949489116668701e-01,2.845978087210717209e+24,7.631701209638210560e+23,nan,1.895261398048650035e+19,nan,3.401265481118032226e+22,nan,nan,nan,2.147659759521484375e+02
1.751755625009536743e-01,2.845663339639959540e+24,7.630856694636086045e+23,nan,1.895051611230070374e+19,nan,3.400889205369165421e+22,nan,nan,nan,2.145646972656250000e+02
1.751568615436553955e-01,2.845359544823495636e+24,7.630041723247517080e+23,nan,1.894849301090559590e+19,nan,3.400525990059217990e+22,nan,nan,nan,2.143650360107421875e+02
1.751408278942108154e-01,2.845098984563454488e+24,7.629343485161289558e+23,nan,1.894675798155696538e+19,nan,3.400214566144985321e+22,nan,nan,nan,2.141669921875000000e+02
1.751247793436050415e-01,2.844838424303413341e+24,7.628644526499121657e+23,nan,1.894502295220833485e+19,nan,3.399903367410734019e+22,nan,nan,nan,2.139706268310546875e+02
1.751100867986679077e-01,2.844599769551959723e+24,7.628004655064064857e+23,nan,1.894343305839457075e+19,nan,3.399618064374340098e+22,nan,nan,nan,2.137760009765625000e+02
1.750967353582382202e-01,2.844382732078717484e+24,7.627422429704238399e+23,nan,1.894198830011567309e+19,nan,3.399358657035803558e+22,nan,nan,nan,2.135832061767578125e+02
1.750846952199935913e-01,2.844187311883686624e+24,7.626898570995582663e+23,nan,1.894068867737164186e+19,nan,3.399125145395124398e+22,nan,nan,nan,2.133922576904296875e+02
1.750733405351638794e-01,2.844002844442949528e+24,7.626404255900482478e+23,nan,1.893945942337178829e+19,nan,3.398904919373345980e+22,nan,nan,nan,2.132032165527343750e+02
1.750633269548416138e-01,2.843840282510799963e+24,7.625967586880612634e+23,nan,1.893837530490680115e+19,nan,3.398710363869443575e+22,nan,nan,nan,2.130161590576171875e+02
1.750539839267730713e-01,2.843688385102568011e+24,7.625560461474298342e+23,nan,1.893736375420924723e+19,nan,3.398528868804460544e+22,nan,nan,nan,2.128310699462890625e+02
1.750452965497970581e-01,2.843547440448629824e+24,7.625182159105599220e+23,nan,1.893642477127912653e+19,nan,3.398360208998415519e+22,nan,nan,nan,2.126480865478515625e+02
1.750379651784896851e-01,2.843428113072903015e+24,7.624862223388070820e+23,nan,1.893563092388387226e+19,nan,3.398217670070209243e+22,nan,nan,nan,2.124672698974609375e+02
1.750319600105285645e-01,2.843330402975387585e+24,7.624600654321713142e+23,nan,1.893498001300022886e+19,nan,3.398101026839860347e+22,nan,nan,nan,2.122885284423828125e+02
1.750259399414062500e-01,2.843232692877872155e+24,7.624339085255355463e+23,nan,1.893433130113984102e+19,nan,3.397984383609511451e+22,nan,nan,nan,2.121121063232421875e+02
1.750206053256988525e-01,2.843145935534650489e+24,7.624106339226612956e+23,nan,1.893375295802363085e+19,nan,3.397880800818081930e+22,nan,nan,nan,2.119379577636718750e+02
1.750165969133377075e-01,2.843081083700016354e+24,7.623931959849041170e+23,nan,1.893331975044228710e+19,nan,3.397802888544528420e+22,nan,nan,nan,2.117660980224609375e+02
1.750125885009765625e-01,2.843015943635006067e+24,7.623757580471469385e+23,nan,1.893288654286094336e+19,nan,3.397725201450956279e+22,nan,nan,nan,2.115966186523437500e+02
1.750092655420303345e-01,2.842961756324289546e+24,7.623612024131512770e+23,nan,1.893252590304703283e+19,nan,3.397660349616322144e+22,nan,nan,nan,2.114295349121093750e+02
1.750065833330154419e-01,2.842918233537490637e+24,7.623495290829171327e+23,nan,1.893223563197729997e+19,nan,3.397608558220607383e+22,nan,nan,nan,2.112649383544921875e+02
1.750045716762542725e-01,2.842885663504985494e+24,7.623408101140385434e+23,nan,1.893202012769825587e+19,nan,3.397569602083830628e+22,nan,nan,nan,2.111028747558593750e+02
1.750019043684005737e-01,2.842842428948562737e+24,7.623292088413984370e+23,nan,1.893172985662852301e+19,nan,3.397517810688115868e+22,nan,nan,nan,2.109433135986328125e+02
1.750005781650543213e-01,2.842820811670351358e+24,7.623233721762813649e+23,nan,1.893158692011691213e+19,nan,3.397491914990258487e+22,nan,nan,nan,2.107863616943359375e+02
1.749992221593856812e-01,2.842798906161763828e+24,7.623175355111642927e+23,nan,1.893144178458204570e+19,nan,3.397466019292401107e+22,nan,nan,nan,2.106320648193359375e+02
1.749992221593856812e-01,2.842798906161763828e+24,7.623175355111642927e+23,nan,1.893144178458204570e+19,nan,3.397466019292401107e+22,nan,nan,nan,2.104804382324218750e+02
1.749978959560394287e-01,2.842777288883552450e+24,7.623117709036412585e+23,nan,1.893129664904717926e+19,nan,3.397440123594543727e+22,nan,nan,nan,2.103314819335937500e+02
1.749972254037857056e-01,2.842766336129258685e+24,7.623088165422857034e+23,nan,1.893122628030300160e+19,nan,3.397427063155624352e+22,nan,nan,nan,2.101853485107421875e+02
1.749965548515319824e-01,2.842755671605341072e+24,7.623059342385241863e+23,nan,1.893115371253556838e+19,nan,3.397414002716704978e+22,nan,nan,nan,2.100419616699218750e+02
1.749965548515319824e-01,2.842755671605341072e+24,7.623059342385241863e+23,nan,1.893115371253556838e+19,nan,3.397414002716704978e+22,nan,nan,nan,2.099013824462890625e+02
1.749958842992782593e-01,2.842744718851047307e+24,7.623030519347626692e+23,nan,1.893108114476813517e+19,nan,3.397401167457766972e+22,nan,nan,nan,2.097636871337890625e+02
1.749958842992782593e-01,2.842744718851047307e+24,7.623030519347626692e+23,nan,1.893108114476813517e+19,nan,3.397401167457766972e+22,nan,nan,nan,2.096289062500000000e+02
1.749952286481857300e-01,2.842734054327129693e+24,7.623000975734071141e+23,nan,1.893100857700070195e+19,nan,3.397388107018847597e+22,nan,nan,nan,2.094971160888671875e+02
1.749945580959320068e-01,2.842723101572835928e+24,7.622972152696455970e+23,nan,1.893093600923326874e+19,nan,3.397375271759909591e+22,nan,nan,nan,2.093681945800781250e+02
1.749939024448394775e-01,2.842712148818542163e+24,7.622943329658840799e+23,nan,1.893086344146583552e+19,nan,3.397362211320990217e+22,nan,nan,nan,2.092422790527343750e+02
1.749932318925857544e-01,2.842701484294624550e+24,7.622913786045285249e+23,nan,1.893079087369840230e+19,nan,3.397349376062052211e+22,nan,nan,nan,2.091194305419921875e+02
1.749918907880783081e-01,2.842679578786037020e+24,7.622856139970054906e+23,nan,1.893064793718679142e+19,nan,3.397323480364194831e+22,nan,nan,nan,2.089996490478515625e+02
1.749898791313171387e-01,2.842647296983908028e+24,7.622768229705328634e+23,nan,1.893043023388449178e+19,nan,3.397284524227418076e+22,nan,nan,nan,2.088829345703125000e+02
1.749885529279708862e-01,2.842625391475320498e+24,7.622710583630098292e+23,nan,1.893028729737288090e+19,nan,3.397258628529560696e+22,nan,nan,nan,2.087693328857421875e+02
1.749872118234634399e-01,2.842603774197109120e+24,7.622652216978927570e+23,nan,1.893014216183801446e+19,nan,3.397232732831703315e+22,nan,nan,nan,2.086588439941406250e+02
1.749845594167709351e-01,2.842560539640686363e+24,7.622536204252526506e+23,nan,1.892985408979153715e+19,nan,3.397180716256007186e+22,nan,nan,nan,2.085515747070312500e+02
1.749805510044097900e-01,2.842495399575676076e+24,7.622361824874954721e+23,nan,1.892942088221019341e+19,nan,3.397103029162435045e+22,nan,nan,nan,2.084474792480468750e+02
1.749778687953948975e-01,2.842451876788877167e+24,7.622245091572613277e+23,nan,1.892913061114046054e+19,nan,3.397051237766720284e+22,nan,nan,nan,2.083466033935546875e+02
1.749738752841949463e-01,2.842387024954243032e+24,7.622070712195041492e+23,nan,1.892869740355911680e+19,nan,3.396973550673148143e+22,nan,nan,nan,2.082489624023437500e+02
1.749691814184188843e-01,2.842310932134938980e+24,7.621867509779854535e+23,nan,1.892819162821033984e+19,nan,3.396882803140656628e+22,nan,nan,nan,2.081545715332031250e+02
1.749652028083801270e-01,2.842246080300304845e+24,7.621692409826342370e+23,nan,1.892775842062899610e+19,nan,3.396805116047084487e+22,nan,nan,nan,2.080635070800781250e+02
1.749591976404190063e-01,2.842148370202789415e+24,7.621430840759984692e+23,nan,1.892710970876860826e+19,nan,3.396688472816735591e+22,nan,nan,nan,2.079757537841796875e+02
1.749531924724578857e-01,2.842050948335650136e+24,7.621169271693627013e+23,nan,1.892645879788496486e+19,nan,3.396571829586386695e+22,nan,nan,nan,2.078912658691406250e+02
1.749465018510818481e-01,2.841942285483840941e+24,7.620878879589654164e+23,nan,1.892573751825714381e+19,nan,3.396442125917118425e+22,nan,nan,nan,2.078101501464843750e+02
1.749391704797744751e-01,2.841823246338490284e+24,7.620558943872125764e+23,nan,1.892494367086188954e+19,nan,3.396299812168893517e+22,nan,nan,nan,2.077323760986328125e+02
1.749311536550521851e-01,2.841692966208469710e+24,7.620210185116982192e+23,nan,1.892407725569920205e+19,nan,3.396144212801767866e+22,nan,nan,nan,2.076579589843750000e+02
